securityaffairs	9604
hacking	4550
AWS	4351
cybercrime	1591
IoT	1308
RSAC	1296
malware	1075
infosec	983
security	878
hackingteam	750
SyScan	735
devopsdays	712
Duqu2	583
HackingTeam	572
EC2	540
Cassandra	501
TitanX	470
passwords15	453
DeepWeb	451
effectivepower	449
Akka	419
DevOps	403
DFIR	396
ISIS	395
doddc	383
echelon	353
bbcqt	335
cybersecurity	335
Android	332
NSA	326
APT	326
modem	323
SRCBOS	318
Tor	304
Wassenaar	301
Apple	286
wine	286
29APR	281
Google	277
encryption	275
IsHackingTeamAwakeYet	272
brokencrypto	268
ransomware	258
AppSecEU2015	251
ausdef	249
Haiku	249
iso27001	245
privacy	243
Scala	237
hack	236
work	224
mobile	217
Facebook	207
DevOpsRSAC	203
ApacheSpark	194
CyberUL	192
mhmconf2015	190
WWDC15	188
stego	183
DEFCON	177
TODO	175
NetUSB	175
email	173
securitywithoutborders	169
Lambda	166
Anonymous	157
surveillance	155
RSAC2015	154
Ransomware	154
aws	150
rp15	148
infosec15	147
databreach	146
ITW2015	144
Effectivepower	144
cycon	134
FBI	134
Russia	131
DDoS	130
wifi	128
China	128
sendswag	126
banking	126
halloffame	126
FF	122
stegosploit	121
newsletter	120
PJLRenseignement	117
ChaseFAIL	114
rsac	114
Uber	114
SecChatUK	112
Indonesia	112
Iran	111
FTF2015	111
Austin	111
Bundestag	110
Kafka	110
NCSC2015	108
WordPress	108
ScalaDays	103
notrust	101
VENOM	99
OPMHack	99
OSX	98
MI6	98
NFC	98
InfoSecWorld	97
georgetowncyber	96
fiber	96
socialmedia	96
Linux	95
terrorism	95
SOURCEBOS	94
espionage	93
phishing	92
hackedteam	91
YouTube	90
Nodejs	89
scam	87
hardrockcafe	87
Shellshock	86
keynote	86
ff	85
US	85
cyberwarfare	84
OPMhack	84
Wordpress	84
boonybouncing	84
Bitcoin	83
CarbonX1	82
securitynotes	81
hsbcfiles	80
FireEye	80
iot	79
random	79
Stegosploit	78
car	78
Windows	78
HITB2015AMS	78
intelligence	77
drones	76
SIEMs	75
WhatsApp	75
UK	75
SOCSummit	74
OPSEC	74
Interpol	73
EMCWorld	73
OpenSSL	72
CeBIT	72
cgc15	72
CGCradio	72
WINNING	71
Snowden	71
GitHub	71
NYSE	71
php	69
hach	69
ThatConstrictorIsNotVenomous	69
DarkWeb	68
art	68
CIO15	67
CeBIT2015	67
ApacheKafka	67
DevOpsHaiku	67
0day	67
WiFi	67
BigData	67
bsidessf	66
APT28	66
Java	65
IRS	65
healthcare	65
QPSISummit	65
SilkRoad	64
cybercybercyber	64
trolls	64
Europol	64
REMnux	64
phillyete	64
tada	64
brutalis	63
crime	63
hpc	63
law	62
JPEG	62
FAA	62
TrueCrypt	61
HackTheJeep	60
GIF	59
l0pht	58
energy	58
Duqu	58
underground	58
SAP	58
Samsung	57
Breach	57
rootkits	57
OpenStack	57
Oracle	56
news	56
apt	56
bigdata	55
botnet	55
CylonDemoDay	55
SecurityAffairs	55
attribution	55
SNES	55
weDontExist	54
thinktankthuglife	54
cryptowar	52
coretext	52
PKI	52
RSAISMG15	52
par	51
heaven	51
Unicode90	51
OTinnovate	51
desert	51
CeBITAus	51
usetheinfoyouhave	51
Intelligence	51
OPM	51
idea	50
nodejs	49
SecurityWithoutBorders	49
SCADA	49
Python	49
fail	49
smartcity	49
Ryanair	49
makingsausage	48
Pandora	47
Marr	47
Avaya	47
churnalism	47
apple	47
Rdio	47
root9b	47
ItsMyBug	47
Spotify	47
SOTS	46
hackers	46
Docker	46
wordlens	46
PoS	46
Symantec	45
Mitnick	45
Whitehouse	45
BigDataHaiku	45
SCO	45
Hack	45
MACCDC	45
PCI	45
infosecurityeurope	44
DevOpsDays	44
biohacking	44
snowden	44
IPv4	44
Malware	44
AppleII	44
snooping	44
4am	44
scada	43
WTF	43
HolidayHack	42
opsec	42
Turkey	42
hackedTeam	42
Schlumpadinka	42
Microsoft	42
Toronto	42
blackmarket	42
Locker	42
iOS	41
GCHQ	41
–†–æ—Å–∫–æ–º–Ω–∞–¥–∑–æ—Ä	41
Betfair	41
ICYMI	41
USBKill	40
VZDBIR	40
biometric	40
Dridex	40
Shock	40
InfoSec	39
SEA	39
surveillance15	39
skype	39
SPECIES015	39
Backdoors	39
ContainerWebinar	38
Cyber	38
putty	38
OpISIS	38
Kaspersky	38
BeatTheBreach	38
NorthKorea	38
ios9	38
breach	37
SCOTUSMarriage	37
ProTip	37
TrendMicro	37
0Day	37
SSH	37
SSL	36
BostonMarathon	36
tableflip2015	36
sigaint	36
WHStats	36
darknet	35
IOS	35
McAfee	35
PeopleSoft	35
FranceTelevisions	35
cnas2015	35
YCA	35
merkel	35
obama	35
putin	35
Ghost	34
blackspider	34
hughazi	34
GoogleIO	34
PhillyETE	34
hottopics15	34
Chromium	34
ios	34
Wikileaks	34
newamcyber	34
mal	34
POS	34
Yourewelcome	33
aircraft	33
Architecture	33
3Dprinting	33
DBIR	33
browsers	32
PayPal	32
wtf	32
United	32
career	32
securi	32
syscan	32
ITSecurity	32
ENISA	32
Hacking	32
btc	32
Cybersecurity	32
threejs	32
textures	32
deepdream	32
webcam	31
MAGNIFICENT	31
BugReportsIn4Words	31
firstcon15	31
virus	31
LastPass	31
Chrome	31
PHP	31
illegitimateSecurityResearcher	31
secureCIO	30
CIOlosangeles	30
AmazingThailand	30
W	30
ProxyHam	30
thiscouldbeusbutyouplayin	30
mexicocity	30
RMTC2015	30
children	30
shockednotshocked	30
iansny	30
Boston	30
AutoCyberSummit	30
cyberbullying	30
KAspersky	30
exploit	30
IE	30
Routers	29
NIST	29
OPMBreach	29
GE2015	29
Winniti	29
IBM	29
aviation	29
Magento	29
whatsapp	29
CancelThePrintJob	29
Gameof72	29
Safari	29
protip	29
CyberCaliphate	28
opItaly	28
app	28
TorBrowser	28
Rus	28
opISIS	28
iso22301	28
Flash	28
GoLang	28
warfare	28
thankSAll	28
SM2015	28
tutorial	27
cyberwar	27
4U9525	27
Airbus	27
WTO	27
GPS	27
hotel	27
DataBreach	27
LogJam	27
MarRef	27
A400M	27
hadoop	27
Forbes	27
pos	27
NSa	27
Dyre	27
LinkedIn	27
Quantum	27
CHCyber	27
XSS	26
GreatCannon	26
Stuxnet	26
DRE2015	26
DARPA	26
tool	26
job	26
h	26
Tox	26
Mesos	26
flight	26
tosser	25
Germanwings	25
Internet	25
en	25
cr	25
Infosec15	25
opICS	25
Security	25
GCCS2015	25
WassenaarTurnAwayThinkAgain	25
Healthrecords	25
contractors	25
Privacy	25
CISO	25
Rombertik	25
medical	25
Hilton	25
LoveWins	25
Surveillance	25
BSidesLV	25
cassandra	24
Deming	24
rotateright	24
Pope	24
Vatican	24
BritishAirways	24
Terrorism	24
opIsrael	24
Redline	24
PirateBay	24
CrowdStrike	24
browser	24
Vawtrak	24
FLCausesofWar	24
CryptoHipster	24
Akamai	24
Kaspesky	23
genius	23
city	23
code	23
USSOCOM	23
analytics	23
CA	23
Hadoop	23
ThisCouldBeUsButYouPlayin	23
PunkSPIDER	23
Onion	23
Ransom	23
CoinVault	23
Darknet	23
Skype	23
travel	23
Diplomacy	22
hacki	22
BSidesSF	22
APT17	22
devoops	22
creditcard	22
Go	22
BookOfTerror	22
ID360	22
AWSSummit	22
censorship	22
GPL	22
golang	22
Infographic	22
VolatileCedar	22
Deepweb	22
HackingTeamISAwake	22
EUROPOL	22
Troopers15	22
OpenSesame	22
Ruby	22
backdoor	21
Moose	21
spam	21
Darwin	21
HSBCFiles	21
ESET	21
hac	21
2015awssummitsanfrancisco	21
2015sfsummit	21
USA	21
Landsat	21
NoSQL	21
Morpho	21
backmarket	21
CyberEspionage	21
PutinAtWar	21
coffee	21
GoingClear	21
PentestExpertWanted	21
YOLO	21
MalwareMustDie	21
HNW2015	21
Thailand	20
Agora	20
Terminology	20
ddti	20
Germany	20
Tails	20
MEDIJACK	20
Antivirus	20
xss	20
begbounty	20
MITM	20
accyber	20
SaudiArabia	20
RAT	20
fingerprin	19
iOS9	19
CozyDuke	19
tracking	19
scala	19
ElCapitan	19
ge2015	19
retail	19
finance	19
cyber	19
Israel	19
hash	19
cloud	19
AdultFriendFinder	19
GPU	19
anyotherairline	19
Qihoo	19
MerchantsOfDeath	19
facepalm	19
AIIM15	19
TV5Monde	19
test	19
Zer	19
DailyMorningWalkPhoto	19
Starbucks	19
ECM	18
adobe	18
womenwhocode	18
notactuallyrare	18
allmalepanel	18
Pwn2Own	18
sql	18
NeustarSEC15	18
RSA	18
Malvertising	18
HumanRights	18
optimise15	18
teamRussia	18
awareness	18
turbine	18
ApologiesToBiggieSmalls	18
200GH	18
python	18
Euro	18
MongoDB	18
resilience	18
jawsug	18
malw	18
skynet	18
Belkin	17
attack	17
AnimalFarm	17
CyberInsurance	17
SANSFIRE	17
NHISAC	17
train	17
GTECCHAT	17
phis	17
HealthcareSummit	17
IRRITANT	17
BHUSA	17
BSidesLDN2015	17
homerouter	17
WHSplain	17
France	17
Californis	17
securit	17
Shodan	17
macros	17
photo	17
hacker	17
cables	17
ransom	17
Adobe	17
datacloud	16
gmail	16
EffectivePower	16
ExtremeHandLuggage	16
haxpo	16
HackerShoutOut	16
BYOD	16
mob	16
MySQL	16
cyberattack	16
Canada	16
berlin	16
ColdStorage	16
alphacrypt	16
Spearphishing	16
sms	16
OSINT	16
iphone	16
ad	16
businesscontinuity	16
BACRONYM	16
BitTorrent	16
DoctorWho	16
Phasebot	16
ICS	16
Qualys	16
eBay	16
Poseidon	16
router	16
ha	16
Nepal	16
telesurgery	16
44CONCS	16
OWASPAustin	16
Mac	16
SVG	16
Astoria	16
Mandrake	16
RIOT15	16
IOT	16
IS	16
RC5	16
nonameyet	16
Realtek	16
surveill	15
ApplePay	15
malvertising	15
patch	15
SIEMpleminds	15
parking	15
Spark	15
Gmail	15
MayThe4thBeWithYou	15
reinvent	15
crack	15
PS4	15
EMCworld	15
GartnerSEC	15
CISCO	15
NewVoices	15
defcon	15
Lulzy	15
Thai	15
ran	15
cyberhacking	15
BitWhisper	15
FSFleet15	15
software	15
APrIGF2015	15
whateverworks	15
IDTheft	15
therealdeal	15
daesh	15
Dell	15
Wa	15
password	15
wordpress	15
Xss	15
leftofboom	14
justsaying	14
drone	14
etcd	14
jailbreak	14
database	14
BND	14
SANS	14
Simda	14
nomorefreethoughts	14
grugqphotoban	14
Boeing	14
uk	14
scary	14
EINSTEIN	14
defense	14
ThamarReservoir	14
DHS	14
Sony	14
exploitlab	14
MAC	14
ZixHackChat	14
London	14
holocaust	14
beyondthepentest	14
Bit	14
fingerpri	14
Pride	14
megafail	14
JavaScript	14
EC	14
cybe	14
devops	14
LangSec	14
s	14
Carbanak	14
FSB	14
quantumcomputing	14
SmartGrid	14
akka	14
CircleCityCon	14
OSGP	14
GeorgetownCyber	13
encr	13
drug	13
lambda	13
yahoo	13
Ganaa	13
police	13
powergrid	13
tech	13
GartnerDWS	13
ship	13
HTTPs	13
SANS2015	13
mDNS	13
BSNL	13
GOOGLE	13
Cisco	13
USForce	13
maritime	13
Japan	13
MI5	13
spyware	13
liveaid30	13
zeroday	13
MiddleEa	13
Gae	13
e	13
CSE	13
university	13
regulateAllTheThings	13
mspy	13
lol	13
PenTestAustin	13
SDCC	12
CVSS	12
CVE	12
bipartisanspirit	12
Government	12
R	12
private	12
appsec	12
YourADF	12
anonymous	12
SaudiAra	12
flightdelays	12
exportcontrol	12
SoLongSilentFix	12
D	12
allmalepanels	12
E	12
jihad	12
NetNeutrality	12
OccupyFlash	12
KimDotcom	12
humour	12
dre2015	12
ec2	12
fakecallerid	12
allfemalepanel	12
DJA2015	12
sec	12
swissleaks	12
LuxLeaks	12
DSS	12
EFF	12
Unity	12
functionalprogramming	12
BIOS	12
blog	12
bootkit	12
tag	12
rootkit	12
trafficlights	12
FCC	12
moran	12
Cryptowall	12
vehicle	12
Swymbag	12
infosechipster	12
spark	12
Cheat	12
opTriangle	12
SLD15	12
propaganda	12
dellsecurity	12
MasterCard	12
TNImissioncreep	12
NewPosThings	11
FacialRecognition	11
isc2cares	11
airgapped	11
AI	11
spike	11
android	11
XP	11
Tsarnaev	11
Ponemon	11
startup	11
Goldfish	11
CMS	11
Drupal	11
EMR	11
OpC51	11
Io	11
InFocus	11
j	11
Agile	11
awkward	11
ebooks	11
kindle	11
Cloud	11
efreebies	11
freebies	11
cardfraud	11
stegoloader	11
free	11
data	11
sony	11
Citadel	11
FIFA16	11
nocontext	11
darkesttimeline	11
instagram	11
ùî≤ùî´ùî¶ùî†ùî¨ùî°ùî¢	11
opBuhtrap	11
IndoDef	11
r√§is√§nen	10
mawlare	10
√§roplane	10
popcorn	10
Kovter	10
SLD2015	10
CommitANewZealandCrime	10
XFiles	10
raeisaenen	10
secviz	10
kofer	10
Eataly	10
wassenar	10
DataIsGood	10
CryptoWall	10
MalumPoS	10
hacktivism	10
facesofdefcon	10
Causindy	10
sh√∂le√ü	10
Reconnect	10
RIoT15	10
espionege	10
Blackshades	10
SouthKorea	10
AskFTF2015	10
cybercommand	10
ThanksDad	10
forensic	10
Pentagon	10
irisscon	10
dataprotection	10
Ramadi	10
RSAConference	10
y2k	10
raleigh	10
TTIP	10
NjRat	10
TORUS	10
DraftStamos	10
shoeless	10
SIEM	10
BPM	10
haguetalk	10
USAFreedom	10
Ch	10
USARMY	10
shortstory	10
amazing	10
thuglife	10
blackSEO	10
openstack	10
Magnitude	10
sales	10
SKAnews	10
MarriageEquaility	10
sad	10
USAmustHelpISISBuildIslamicState	9
securityaff	9
Attribution	9
OpenStackSummit	9
DespiteBeingAWoman	9
OpP	9
BBC	9
DIY	9
securityaffa	9
Seattle	9
blowback	9
DFIRSummit	9
Flex	9
Byod	9
Ru	9
TPP	9
XKeysco	9
DLink	9
schools	9
utility	9
Obama	9
NVR	9
sociamedia	9
Tor2Web	9
SmartCities	9
TV5Mo	9
AprilFools	9
EMCWORLD	9
DPA2015	9
sdr	9
BanyaGate	9
VOIP	9
NoWar	9
Expedia	9
WeAreDoomed	9
informationsecurity	9
apps	9
byod	9
ComboBreaker	9
oldschool	9
CISSP	8
YouTookYourEyeOffTheBall	8
thebutton	8
kickstarter	8
RaspberryPi	8
Kubernetes	8
PennState	8
Outernet	8
NIT	8
House	8
NBC	8
Chr	8
NoFooling	8
botnets	8
docker	8
EU	8
AppSecEU	8
AWSsummit	8
whitenights	8
PySpark	8
wekby	8
SafeHarbor	8
datasecurity	8
SyScAn	8
Yelp	8
Ads	8
AprilFoolsday	8
GreatFireWall	8
Github	8
LULZ	8
Voip	8
sanctions	8
SBT	8
RSACCyberSafety	8
SanFrancisco	8
Cyberspace	8
ipod	8
securitystat	8
awkwardoppression	8
FutureForce2015	8
FirstTry	8
ExportControls	8
edstone	8
AtlSecCon	8
infosecworld	8
dontbeajerk	8
hellsing	8
malwa	8
TeamStrategist	8
isms	8
WhatDidYouThinkWasGoingToHappen	8
newyorkcity	8
RohingyaMuslims	8
virtualmachine	8
Brogrammers	8
BionicManDiary	8
openssl	8
FYI	8
G20	8
budget2015	8
DRINK	8
UseTheSourceLuke	8
Yahoo	7
TV5Mon	7
fraud	7
ISMG	7
update	7
p	7
neurohacking	7
books	7
Infosec	7
Instagram	7
disasterrecovery	7
databre	7
ApachSpark	7
Freak	7
OPMbreach	7
executiveorder	7
hiring	7
InfoGov	7
PG	7
HTTPS	7
Britannica	7
tankers	7
AnalystCrazy	7
Cyberthreat	7
Redshift	7
cloudminr	7
premera	7
Crypto	7
InfoSharing	7
POODLE	7
Pushdo	7
MemorialDay	7
sdlc	7
book	7
PhantomMenace	7
GAO	7
AFNetworking	7
JihadMedia	7
Periscope	7
sauna	7
MSSP	6
bummer	6
dbir	6
fuckwork	6
Duke	6
justsayin	6
Seaduke	6
proxyham	6
visual	6
TPA	6
TAA	6
HotlineAnnualReport	6
ChildAbuseMaterial	6
circlecitycon	6
bananahammock	6
VOSB	6
HUBZone	6
CareFirst	6
otinnovate	6
AttributioIsHard	6
PrinceHarming	6
TheRealDeal	6
Podcast	6
Kimberley	6
esb15	6
ADAF	6
Australia	6
networking	6
NiceReport	6
automotive	6
lookscool	6
TBT	6
attacks	6
Heresy	6
phone	6
APT30	6
Unite	6
smartcities	6
TheGuardian	6
MrRobot	6
WhateverYouCanDoICanDoMeta	6
AskSnowden	6
cyberattacks	6
I	6
spotasnowden	6
GCPnext	6
mo	6
cyb	6
tentacleloveclub	6
BSidesAsheville	6
Sec360	6
IAmTheCavalry	6
gwcyber	6
goats	6
ITchannel	6
sextortion	6
Hac	6
training	6
NYC	6
worklifebalance	6
lawyers	6
securityuncorked	6
EMV	6
tips	6
NewZealand	6
apmsaas	6
apm	6
JehJohnson	6
webdev	6
Hacked	6
Iranian	6
ATP	6
satcom	6
pcidss	6
spy	6
securityaffair	6
ife	6
SFCF15	6
phdchat	6
evolution	6
AirLives	6
AWSWWPS	6
BREAKING	6
camera	6
ContinuousCreamPuffs	6
HIPAA	6
FTC	6
adblock	6
AlAlam	6
phishi	6
SponsoredByCptObvious	6
gamergate	6
fbs15	6
ICSCERT	6
tweetyourDCbadges	6
datalake	6
Beijing	6
custard	5
KINS	5
suerveillan	5
Logjam	5
ProtectYourNet	5
techgirlsrock	5
AIIM	5
Fugle	5
banspinrooms2015	5
Schneide	5
msPartner	5
WhateverTheEasterVersionOfGrinchIs	5
zen	5
HackedTeam	5
northKorea	5
FAIL	5
CSICyber	5
Angler	5
CyberCity	5
hackerteam	5
anlaytics	5
DH	5
CISSPthoughtOps	5
USB	5
VPN	5
TweetYourTop	5
FDD	5
funny	5
cyberweapon	5
cia	5
phishin	5
ATM	5
ITChannel	5
NOAABigData	5
nsa	5
SEO	5
automation	5
cfp	5
CNAS2015	5
Mozilla	5
neutral	5
programming	5
ITchannels	5
softwareengineer	5
DEA	5
extortion	5
lulz	5
Twitter	5
DD4BC	5
CoprHD	5
bsideslondon	5
DigiDuck	5
xHamster	5
Palestine	5
koan	5
Naikon	5
notreally	5
laibach	4
SecurityUncorked	4
ChatDPD	4
AnonOpsIndia	4
ciopnyc	4
DFIRsummit	4
Syria	4
accountability	4
visualization	4
NC	4
WhiteHouse	4
escrow	4
NoMoreLateBugs	4
theotherJSOC	4
FDIC	4
nihilism	4
siem	4
purdahfilms	4
pwdhc	4
ADAF2015	4
justsponsored	4
CIOChat	4
ClownLevelNegligence	4
AirGapped	4
CryptoWars	4
TRAI	4
cyberb	4
StegoSploit	4
LOT	4
c	4
UCDM	4
worldclass	4
sourceboston	4
WWII	4
A2ELP2015	4
soicowboy	4
lovewins	4
Heartbleed	4
Spokane	4
csicyberbrian	4
info	4
IDontNeedNoStinkinMicrophone	4
tradecraft	4
InspireandEducate	4
surveil	4
boobies	4
ca	4
Sammamish	4
Beebone	4
Hacker	4
Partnership	4
facialrecognition	4
shocking	4
BSOD	4
Biohacking	4
BSidesAVL	4
BT	4
VB2015	4
Halifax	4
Wifi	4
Bangkok	4
FIN4	4
DontTryThisAtHome	4
chuwit2016	4
NH	4
approach	4
masturbationdemons	4
CIOchat	4
StillUnemployed	4
teambelam	4
OPSEClikean80smovie	4
TheDress	4
royalbaby	4
morehugs	4
tattoo	4
delete	4
galadinner	4
bruteforce	4
cellphone	4
UnitedAirlines	4
leadersdebate	4
beatthebreach	4
NoMoreFreeThoughts	4
Encryption	4
Rohingya	4
FlashPlayer	4
netflowhell	4
Data	4
TeslaCrypt	4
facebook	4
putinatwar	4
princeofdarkness	4
NoMore100DollarHugs	4
GTECHCHAT	4
CERTs	4
SilkRoadTrial	4
enc	4
aluminium	4
AntiBullyingPro	4
FBS15	4
NotReally	4
shakacon	4
DNA	4
Pharming	4
TreasureHu	4
YouMightBeARacist	4
FS	4
comix	4
MissionMoratorium	3
RubeGoldberg	3
webinar	3
greensboro	3
RSA15	3
Taliban	3
jobs	3
OBD2	3
TooMuchContent	3
govforum	3
stifling	3
HANA	3
SCAwardsUS	3
yesallgorillas	3
no	3
securitythroughblurrity	3
wifitrek2015	3
OrderABeanCouch	3
craigslist	3
music	3
hacks	3
firstcloudproblems	3
shelfie	3
vosb	3
Insights	3
frustrated	3
KillrWeather	3
IHuntHam	3
warbooks	3
Home	3
critica	3
CNI	3
cars	3
fb	3
hubzone	3
SaaS	3
LinuxRulz	3
GetOffMyLawn	3
hackin	3
wpc15	3
OrderMoreBeanBags	3
injectors	3
NerdPunk	3
bali	3
CISOs	3
ranso	3
ramsware	3
trololololol	3
linux	3
unix	3
Cryptography	3
stumblegate	3
GoT	3
GeekInTokyo	3
crowdgoeswild	3
WicDiv	3
thereifixeditforyou	3
NotPaleo	3
StandWithBogan	3
BITCOIN	3
intelsecurity	3
BRAWNDO	3
VXCON	3
SecuritySummit	3
DLP	3
PatriotAct	3
Healthcare	3
Stegoloader	3
routing	3
nostalgia	3
shortstorysunday	3
pinktax	3
BGP	3
securityfail	3
pcifail	3
Amsterdam	3
FISMA	3
BSideLV	3
DWS	3
doh	3
everydaysexism	3
HPDiscover	3
Gartner	3
nasorosso	3
AliBaba	3
MLB	3
cyberespionage	3
CapeCod	3
mediamatters	3
itchannel	3
datadriven	3
LNK	3
LabMD	3
swfanconcert	3
Spying	3
hackedTea	3
OpIsrael	3
iso20000	3
DB	3
WPC15	3
NotPatchTuesday	3
edtech	3
medsec	3
socialnetwors	3
salute	3
boothbabes	3
starwars	3
ggplot2	3
Senate	3
SaudiAr	3
keepitintheground	3
trading	3
DiscriminationIsWrong	3
DeepSecurity	3
Sneakers	3
economy	3
TV5M	3
growingup70s	2
OpenBTS	2
BladeRF	2
heartbleed	2
Malwarebytes	2
jetlag	2
nadpo	2
lastpass	2
riddlemethat	2
DC	2
VincentBugliosi	2
BeagleBone	2
Debian	2
cdnpoli	2
SeppBlatter	2
distractinglysexy	2
ThaiJunta	2
channel	2
israel	2
FIFA	2
infiltrate	2
wolverines	2
gplus	2
exploitLab	2
TDoS	2
secur	2
and	2
CLANG	2
JerseyShore	2
anonimity	2
Flytheshittyskies	2
ruby	2
seeking	2
Meditate	2
china	2
FacePalm	2
ISC2	2
bsidesnash	2
deepsecurity	2
superhelpful	2
CensusProject	2
economics	2
containerwebinar	2
BSN	2
marketinguberalles	2
sarcasm	2
M25	2
AURORAGOLD	2
traffic	2
Glitch4ndroid	2
AWSMeetup	2
disappointing	2
tapsout	2
NZ	2
Jokowi	2
Mykonos	2
2ndrequest	2
IPv6	2
OMGBBQ	2
tutsweek	2
ibustyle	2
thinktankthugstyle	2
SomertonMan	2
AprilFoolsDay	2
DRE15	2
Dutch	2
entrepreneurs	2
littleBits	2
Eurobike	2
irevpol	2
Eur	2
kerrazy	2
yeah	2
woo	2
APT3	2
2012debates	2
Waka2016	2
Pay	2
datascience	2
Jupyter	2
mondaymotivation	2
largedata	2
slides	2
theocddiaries	2
KeepCynicismUpSupportSecurityIndustry	2
mars	2
hacked	2
venom	2
interstellar	2
CelebrityLeakedPhotos	2
VMware	2
infosec14	2
dpa	2
FIRST2015	2
TPPFastTrack	2
Chicago	2
CyCon	2
pmqs	2
se	2
BadUSB	2
sld15	2
GiveYourMoneyToAdrian	2
longread	2
notatrsa	2
TrustCom	2
IAgreeWithJulian	2
thatsamore	2
TaylorSwift	2
LOL	2
Daredevl	2
ThisCouldBeUsButYouPlaying	2
myWoodlore	2
hollywoodHacking	2
DRAM	2
masterchef	2
sophossocks	2
abomination	2
HagueTalks	2
noice	2
whoiscleopatra	2
fiery	2
authentication	2
collisionconf	2
ABA	2
PassoverQuotes	2
okaythen	2
Bi	2
daddycool	2
unitedWTF	2
containers	2
legit	2
Hackers	2
Eurorvision2015	2
BBCQT	2
LobbyCon	2
justkidding	2
TaxCodeWTF	2
HipsterCop	2
imbaldunderthehat	2
OKMaybeALittle	2
workfromhome	2
44CON	2
ITsecurity	2
Zen	2
WhiteTribeinAsia	2
AttributionIsHard	2
seriousjournalist	2
nsec15	2
bgt	2
maythefourthbewithyou	2
Heisenberg	2
screwthestatusquo	2
marketing	2
legal	2
BSidesBoston	2
cyberthreats	2
OnlineGaming	2
loveher	2
justicegameonpoint	2
AlaskaAir	2
bookstack	2
SEC15	2
SMR	2
MNE	2
AZE	2
DtSR	2
Interop	2
dotcom	2
SF	2
auspol	2
suerveil	2
Rowhammer	2
OpenLateSF	2
FIRSTCON2015	2
FREAK	2
PowerSpy	2
SaveMarie2015	2
FindMarcus	2
womeninsecurity	2
codegate	2
fixedthatforyou	2
ctf	2
sec360	2
juxtalol	2
syscanmustnotdie	2
payments	2
malwar	2
nyscala	2
grayhash	2
win	2
IoTDay	2
‡∏Ñ‡∏ß‡∏≤‡∏°‡∏´‡∏ß‡∏á	2
papersplease	2
ATMs	2
IIC24	2
beingdistracted	1
Gotham	1
skimasks	1
hoodies	1
wsj	1
HackerKombat7	1
2112wisdom	1
JustThailandThings	1
OpenText	1
RareSelfie	1
statementtofollow	1
eda	1
cybercrim	1
WysopalProblems	1
vim	1
CiscoLive2015	1
Eurovision2015	1
Digitalshadows	1
EXIF	1
metadata	1
OHnewsroom	1
firesale	1
Pa	1
EquationDrug	1
EquationGroup	1
itil	1
inspirefest2015	1
cryptowall	1
Washington	1
Blackout	1
Islamic_State	1
bungquack	1
WhatsSpy	1
Whatsapp	1
Nest	1
mindfulness	1
executive	1
DailyMorningBreakfastPhoto	1
fun	1
HackerKast	1
earthquack	1
Exports	1
lolwut	1
learning	1
exploration	1
Realconversation	1
InfosecRockStar	1
FFIEC	1
dumbass	1
opendns	1
socgoals	1
umobile	1
vancity	1
FormulaE	1
podcast	1
SDL	1
HackDig	1
CanadaDay	1
FontSnob	1
IDtheft	1
BlackHat	1
nopenopenope	1
dawnofjustice	1
LEGO	1
risk	1
Capture	1
Growl	1
ProudPapa	1
DaddyDaughterBall	1
whew	1
mspartners	1
oldwhitemansays	1
Moscow	1
fatjoke	1
ddmmyyFTW	1
AFSP	1
OutOfDarkness	1
StarWars	1
SuicidePrevention	1
uselesstweet	1
autenticazione	1
canam	1
uswnt	1
thesun	1
BostonOvernight	1
MiddleE	1
hufc	1
threatintelmissionstatement	1
yolo	1
vancouver	1
m	1
pci	1
gtfo	1
notjusthollywood	1
mywife	1
UNIX	1
bsg	1
fcc	1
GeekLife	1
notmyhouse	1
LegendaryBritishCustomerService	1
Kent	1
gardenofmemory	1
WhyILeftLondon	1
summersolstice	1
amaze	1
much	1
EquinixLaunch	1
error	1
suerveilla	1
periscope	1
P	1
FTW	1
wahwahwahhhhh	1
wow	1
Coke	1
CyberTalks	1
identity	1
sftranspo	1
ICO	1
coybig	1
Fraud	1
notAdobe4Once	1
Palantir	1
Visa	1
Estonia	1
Chinese	1
WEBINT	1
TIL	1
marriage	1
IBMpartners	1
RIPFootball	1
WestOakland	1
ibm	1
priceless	1
github	1
Vulnerability	1
Secunia	1
EurovisionSongContest	1
cyberbees	1
winning	1
ne	1
FIFACongress	1
NCSC	1
THTH15	1
breakingnews	1
antiforensics	1
critical	1
SANSCYBERDEFENSE	1
IAM	1
ttp	1
Bsidessf	1
Sally	1
keksec	1
noconnection	1
askingforafriend	1
BoycottIndiana	1
fish	1
ra	1
lazyweb	1
sugarsugarsugar	1
partners	1
loyalty	1
BB	1
ComputationalMeditation	1
OCR	1
energyr	1
huggate	1
class	1
ITHotTopics	1
MEMEX	1
riseofthemachines	1
Indianaboycott	1
OperationStack	1
routers	1
mtainslie	1
iheartcanberra	1
M20	1
rails	1
an	1
winetasting	1
photography	1
Koningsdag	1
amstersam	1
SneakyB	1
paws	1
RSACSockSwap	1
cryptic	1
United4NSAReform	1
Cybersecurityshow	1
foolmeonce	1
solstice	1
duqu2	1
teamworkhackday	1
CAHSR	1
Stereotypesavetime	1
NotThatOne	1
learningtofixstuff	1
DrWho	1
BITS	1
GoSpursGo	1
Eu	1
WHSTopTen	1
FOR610	1
NHL	1
opensource	1
Damb	1
moargroups	1
motogp	1
QueensSpeech	1
endofxp	1
USGay	1
Firstcon15	1
