Security Affairs	32842
Jeff Barr	5280
Mikko Hypponen	3476
Eugene Kaspersky	2208
Helena Edelson	1551
Joshua Corman	1420
the grugq	1364
Kevin Mitnick	1295
Julian Oliver	945
James Ball	712
Sinthetic Labs	693
Katie Moussouris	629
Natalie Sambhi	604
Richard Bejtlich	600
Chris Wysopal	571
Matt Johansen	532
Jeremi M Gosney	493
hashcat	476
Ben Rothke	445
Lenny Zeltser	417
Dejan Kosutic	409
Jeremiah Grossman	359
ZixCorp	337
the grugq 	328
Eric Chabrow	312
Raffael Marty	303
Threatpost	298
Dan Kaminsky	297
Saumil Shah	281
briankrebs	278
BrianHonan	242
Christopher Soghoian	233
ITW 	231
Dr. Anton Chuvakin	225
Jennifer Minella	215
Graham Cluley	214
Help Net Security	205
Randy Bias	196
edskoudis	186
The Dark Tangent	170
Cesar Cerrudo	155
DevOpsDays DC	149
Steve Wozniak	148
Freescale	148
Tuxotron	148
RSA Conference	141
Paul Roberts	139
InfoSec Taylor Swift	139
Charlie Miller	136
Andrew Hay	131
Scott Eddy 	126
Tom Field	122
Chris Gates	122
Daniel Veditz	122
Steve Ragan	116
Mylea Charvat	112
Lubor Ptacek	112
Jason Will	112
.mudge	112
Kym McNicholas	112
Tim Strazzere	110
Jamie Allen	103
Dave Lewis	101
Scott Ian	95
DanRaywood	92
NVIDIA GeForce	90
DavidLinthicum	86
Kim Zetter	79
IOActive, Inc	79
Martin McKeay	78
Stephen Goldsmith	78
Apache Mesos	77
Robert Larsen	77
☁ David Ulevitch ☁	76
CIOsynergy	75
Adrian Hayter	75
Stefan Esser	75
AppliedTrust	73
Gene Kim	73
CSOonline 	73
Akka Team	72
Apache Spark	72
switched	72
neuwaerts.fm	72
Ingo Stoll	72
Typesafe	72
Apache Kafka	72
Larry Walsh	68
WIRED	67
ICIJ	64
BillBrenner70	63
Dr. Eric Cole	63
Justin Case	61
Denis Makrushin	61
Chris Roberts	61
David	61
Troels Oerting 	61
anfractuosity	60
Geoff Casely	60
Matt Fuller	60
Marco Ostini	60
Hard Rock Hotel LV	58
Bill Gardner	57
Mario Avantini	55
I am The Cavalry	55
รՇﻉ۷ﻉ ɭ๏г๔	54
John Pacific	52
owasp	50
Larry Wong	49
Rapid7	48
botchagalupe	48
Mario Klingemann	48
Ken Johnson	48
MonetDB Team	48
Keith Pachulski	47
Nͣͥͬͩͣ̂̂̂̂̂̂̂̂̂̂̂̂̂̂	46
Sam Johnston	45
Ali Qamar	45
Zach Epstein	44
Lorenzo Franceschi B	44
SOURCE Conference	44
Danilo Poccia	44
Seth Rosenblatt	43
Immunity Inc.	43
Adam Kramer	43
Jack Daniel	41
Stu Lowe	41
Didier Stevens	40
Laurel Glen Vineyard	40
Naked Security	39
Nick Galbreath	39
Jack Jones	39
Roadtrippers	38
Wesley McGrew	37
Chris	37
The Haddad	36
Pwnie Express	36
Johnny Long	36
The Hacker News	36
Hacked Team	36
Wekanban	34
Troy Hunt	34
CSMPasscode	34
rob evans	34
Marcus Brown	34
Martin Roesch	34
Chris Valasek	33
devopsdays	33
Open Garages	33
Department of State	33
McAfee Labs	32
Xively	32
Akamai Technologies	32
OpenDNS	32
Dan Goodin	32
Jake Williams	32
Mike Murray	31
Ian Massingham	31
InfoSec World	30
Robert M. Lee	30
Coté	30
InfoSec Institute	30
RiskMathics	30
ESET	30
Jez Humble	29
PariseauTT	29
REMnux	29
Eric Hammond	28
fruux	28
ASPI	28
ANSYS, Inc.	27
OPM	27
Anonymous Press	27
Jorge Bastida	27
Sumo Logic	27
Malwarebytes	26
Dmitry Bestuzhev	26
Raj Samani	26
\m/ Ⓐrmageddon \m/	26
Razor	26
stacksmasher	25
Malbec Denis	25
Splunk	25
Caspida	25
Oona Räisänen	25
Gal Shpantzer	25
Bardessono	25
Kristina Oliver	24
Karen／明美	24
FireEye	24
LogMeIn, Inc.	24
OpenText	24
Parks and Recreation	24
1Password	24
KShow	24
Dave Whitelegg	24
Invincea, Inc.	23
Anuj Soni	23
XAVIOR	23
Peter Sunde	23
Kevin Townsend	23
Thomas Fox-Brewster	22
Damon Edwards	22
Alex Honor	22
MalwareMustDie, NPO	22
eBay	22
Chester W - Sophos	22
Houcem Hachicha	22
Martin Krasser	21
Rugged	21
National Journal	21
Landmark CIO Summit	21
ANUBellSchool	21
Joshua Wright	21
DEF CON	21
Blue Coat Systems	20
Adobe	20
Raphael Satter	20
Hugo	20
Barack Obama	20
Wendy Nather	20
Mindhunter Laura	20
bill	19
WikiLeaks	19
Justin Foster	19
Dominica DeGrandis	19
AimBrain	18
Cisco Security	18
adam shostack	18
Bastille	18
Sara Peters	18
RSnake	18
Tesla Motors	18
╭(◠‿◠)╯┳━┳	18
(ISC)2	18
Avram Marius	17
Infospectives	17
Scott J Roberts	17
Alex Hutton	17
Amazon Web Services	17
(╯°□°)╯︵ ┻━┻	17
CipherCloud	17
SecBurnout	17
ruxit	17
ange	16
Mathew J Schwartz	16
Travis Goodspeed	16
David Lang	16
Rich Mogull	16
Tarun Samtani, CISSP	16
Amplitude	16
Laura Lucchini	16
Zeljka Zorz	16
Sophos	16
Survival Tips	16
securityledger	15
Trend Micro	15
OpenDNS Labs	15
The Lowy Institute	15
Red-DragonRising	15
DevOps.com	15
111MinnaGallery	15
AtlanticCouncil	15
HackingTeam	15
Angela McKay	15
Trusted Software	15
Sandra Toms	15
peterkuper	15
James Lyne	14
NATO CCD COE	14
CrowdStrike	14
IT Hot Topics 2015	14
SlideShare	14
Santiago Pontiroli	14
Symantec Italia	14
mdowd	14
johullrich	14
DomainTools	14
Bromium	14
Duo Security	14
Symantec	14
Rob Lee	13
Mandiant	13
Banasidhe	13
EMC ScaleIO	13
IPAC	13
Michael Roytman	13
James Wickett	13
DarkReading	13
farleyscoffee	13
Amelia Long	13
Simon Harrison	13
BSides Las Vegas	13
Belt	13
Gathering Clouds	12
joernchen	12
Matt Tesauro	12
Neira Jones	12
Doug Wilson	12
Tripwire, Inc.	12
Violet Blue ®	12
The Register	12
Lee Kushner	12
✨brandon✨the✨human✨	12
Penn State News	12
RSA	12
Michael Hausenblas	12
curtis	12
Jonathan Baier	12
OssInformatica	12
Sugawara Genki	12
The 1st Brigade	12
YouTube	12
Tim Cook	11
Eddie Mize	11
Yuki Chen	11
Hoff	11
Mike_Mimoso	11
The 2112 Group	11
Stacey Higginbotham	11
Marietje Schaake	11
Rugged DevOps	11
McAfee	11
Yubico	10
☋Tang0Down☋	10
Nick Owen	10
K.Kugan	10
Irene Poetranto	10
beist	10
bact' ☂	10
Mohd Najib Tun Razak	10
Schneier Blog	10
Google	10
PCI SSC	10
Irongeek	10
DigitalRightsIreland	10
Carolina Adv Digital	10
Mike Rothman	10
securosis	10
Shawn Henry	10
Dr. Rand Paul	10
Trey	10
Jacob Torrey	10
J.M. Berger	9
BSides SF	9
@apple	9
Channy Yun(윤석찬)	9
Chelsea Daymon	9
Evan A. Laksmana	9
esSOBi	9
O'Reilly Strata	9
Aaron Y. Zelin	9
ZeroNights	9
Megan H. MacKenzie	9
Waratek	9
boB Rudis	9
Jérôme Segura	9
Jill S. Russell	9
VoidSec	9
Intel Security UK	9
Clare O'Neill	9
D. Gartenstein-Ross	9
SUBWAY®	9
Neustar 	9
Javvad Malik	9
Rob Graham	9
Facebook	9
Anonymous Italy	8
National Interest	8
BSidesTO	8
Kate Brew	8
Newsweek	8
CIA	8
Ashiq JA	8
DennisF	8
David Bisson	8
Sascha Möllering	8
CXOWARE, Inc.	8
AmyPoehlerSmartGirls	8
Ruben Santamarta	8
Brandon Valeriano	8
Robert G. Ferrell	8
Security Twits	8
Webroot	8
Touya Akira	8
littleBits	8
Dyn Research	8
Georgia Weidman	8
Mari0n	8
U.S. Navy	8
M Dennedy	8
IAPP	8
Trevor Hughes	8
Tara	8
Anonymous	8
Quentyn Taylor	8
Kenneth Geers	8
SF Comics Fest	8
MacRumors.com	7
Benjamin Jun	7
Scott Cheney-Peters	7
Marc Blackmer	7
Bitnami	7
Alissa Torres	7
Prager Port Works 	7
Homeland Security	7
Raymond Gallagher	7
Gavin Millard	7
TrendLabs	7
SecViz	7
FierceITSecurity	7
Jim Manico	7
TechRisk	7
IT Security Guru	7
jayjacobs	7
Amber	7
bhconsulting	7
Walmart	6
PubNub	6
Codeship	6
IoT StreamConf	6
Justine Bone	6
Florian Motlik	6
citizen lab	6
hackajar	6
Adriana Nelson	6
Allan Friedman	6
ANDRE OMER SIREGAR	6
afvarner	6
Frame	6
HackerOne	6
Amy Hastings	6
Matt Tegenkamp	6
Jeffrey EGGLESTON	6
Booz Allen Hamilton	6
War Studies	6
FutureLearn	6
michael wardian	6
Thom Langford	6
Marc Andreessen	6
Seth Law	6
Caspar Bowden	6
Matt Wood	6
Nicholas Arciniaga	6
New Relic	6
King's CollegeLondon	6
Jeremy Burton	6
Prashanth	6
THOTCON!	6
CONNECT 	6
Hague Talks	6
Herakles	6
Ben Wizner	6
Frank Baitman	6
Christian Schneider	6
Bret Piatt	6
Syngress CompSec	6
CNN Breaking News	6
Iftach Ian Amit	6
Solutionary	6
miss edd	6
Todd Shipley	6
Nick Selby	6
Art Bowker	6
Stefano Epifani	6
HHS.gov	6
Philips Vermonte	6
ISPAI	6
Andy Greenberg	6
AT&T	6
Amy Renee 	6
Cheapflights	6
CDT	6
JP Aumasson	6
Coinbase	6
Nuala O'Connor	6
Tech Economy	6
Michael Cloppert	5
IKAHAN	5
CAUSINDY	5
U.S. Pacific Fleet	5
Bruce Schneier RSS	5
CSI: Cyber	5
samim	5
Per Thorsheim	5
Fiora Aeterna☄	5
Adam Elkus	5
Hero Rundown	5
Chef	5
Lookout	5
Julianne Smith	5
New Mandala	5
Alfredo Ortega	5
Kyle Springer	5
Onur SALK	5
The New York Times	5
The White House	5
IBM Security	5
Philip Casesa	5
Dominique Karg	5
FreeBSD Project	5
Iain Thomson	5
Samsung Mobile US	5
CIMSEC	5
Windows	5
0DDJ0BB	5
Gordon Smith	5
The Debian Project	5
Gartner	5
AdrianLane	5
Ubuntu	5
Security Onion	5
Gareth Rushgrove	5
Andrea Barisani	5
Ben Smith	5
ocddiaries	5
Hal Pomeranz	5
The DBIR	5
The EFI monster!	5
Michael Sulmeyer	5
Forbes	5
Fabienne Serrière	4
Hayes Brown	4
SyrianElectronicArmy	4
Craig Timberg	4
HD Moore	4
Micah Scott	4
Lukas Rist	4
Digitally Imported	4
CBI	4
Ron Gerber	4
John Beeskow	4
Meredith L Patterson	4
Bonnie Glaser / 葛来仪	4
Amanda Wozniak	4
The Official AnonOps	4
Richard Stubbs	4
Chris Sistrunk	4
RSPCA Australia	4
Luke Wilson	4
Elmira Bayrasli	4
Daily Mail Online	4
Check Point Software	4
Dan Guido	4
Kelly Sommers	4
Aaron Heslehurst	4
Sandy Bouvier-Ingram	4
Anonymous_B.I.G. 	4
AndrewJDavies	4
Ben Tomhave	4
Dr. Corbett Moran	4
Tracy Kitten	4
Paul Chiusano	4
Rahul da Cunha	4
Darshna Kamani	4
Lee Neely	4
ISAlliance	4
David Lanz	4
Jerry Hendrix	4
Rúnar Óli	4
Pen Test Partners	4
Greg Young	4
Dustin Collins	4
The Jakarta Post	4
Neha Narkhede	4
Alexander Hanff	4
CodeNeuro	4
Olaf Skaug	4
͏	4
ENISA	4
Andrey Nikishin	4
joe sullivan	4
matt blaze	4
Martin Knobloch	4
Uber	4
Reuters Top News	4
Rep. Will Hurd	4
Nicholas J. Percoco	4
 NASA SEWP	4
War On The Rocks	4
NBC 6 South Florida	4
Rakesh Malhotra	4
Linda NiChualladh	4
Elaine Edwards	4
Apprenda	4
Jess	4
REAN	4
Willard Shepard	4
Doug Drinkwater	4
European Commission	4
John Pescatore	4
United	4
Huawei Technologies	4
AtlSecCon	4
MIT Sloan	4
Alex Hern	4
F5 Networks Security	4
CWNP	4
Wahsnerc Nairda	4
Rachel Kalmar	4
Princess of Cats	4
Marc Goodman	4
torproject	4
Aetna	4
Docker	4
Tom Cook	4
psilvas	4
Sascha Schirra	4
Zaid Benjamin	4
Jennifer Granick	4
Stephen de Vries	4
Brahma Chellaney	3
Alicia Kozakiewicz	3
Delta	3
IronGeeks Mom	3
Adrian Sanabria	3
Agence France-Presse	3
ISSA Raleigh, NC	3
Tenable Security	3
Des Ward	3
NEICT Partnership	3
Benjamin Wootton	3
David Spark	3
REcon	3
InfosecurityEurope	3
Ben Kepes	3
Jimmy Vo	3
Thibault Reuille	3
Chris Palmer	3
Circle City Con	3
NguyetV	3
Adrienne Porter Felt	3
Andrew Zammit	3
Recorded Future	3
Tony Scott	3
CISecurity	3
GCV Enterprise Grade	3
Wallix UK	3
BuildItSecure.ly	3
Jon Wessel-Aas	3
Andrew Plato	3
Stephen Battista	3
Flightradar24	3
haxorthematrix	3
Jackie	3
Min RK	3
F-Secure	3
Anarchist Dalek	3
Lockpickers of NJ	3
Brandon Edwards	3
Shane O'Neill	3
AdRoll	3
Jeb Bush	3
InfosecJessePinkman	3
Randy Marchany	3
Kurt Opsahl	3
Nate Cardozo	3
James Dunn	3
Simone Brunozzi	3
FS-ISAC	3
Cryptome	3
Ian Wallace	3
NH-ISAC	3
Rewrite	3
President Obama	3
Rachel Haywire	3
Florin Coada	3
Michelle	3
U.S. Secret Service	3
Ahmed Rasul	3
mark℀i	3
Pax Dickinson	3
Kaye Tasath	3
sucuri	3
Italian Politics	3
Soniasuponia	3
VUPEN Security	3
Dave Kennedy (ReL1K)	3
Rocky DeStefano	3
Apoorva Giri	3
Andrew Kwon	3
Marco Sermoneta	3
MetaMaria	3
BitSight	3
Theo Schlossnagle	3
GW Cyber & Homeland 	3
daveaitel	3
Sqrrl	3
Trey Ford's Hair	3
Brian Katz	3
Oracle	3
Oracle Security	3
FBI	3
Jen Weedon	3
Marcia Hofmann	3
Airbus	3
Rob Knake	3
Europol	3
Leo Kelion	3
BBC News (UK)	3
CIC	3
Atmel Corporation	3
Michael Hiskey	3
HackerWife	3
Mr. Robot	3
Chuck Kesler	3
SearchCIO.com	3
Omar Santos	3
SF Zen Center	3
M. Taylor Fravel	3
Luca Grillo	3
aloria	3
Gary Tinkler	3
CoreOS Linux	3
Manny Landron	3
Risk I/O	3
G105	3
shannon harrison	3
STEM-SMART	3
Erica DeLong (Radio)	3
Core Security	3
Eric Cowperthwaite	3
Boys & Girls Clubs 	3
Jordan H.	2
Ester Pent	2
Wim Remes	2
Forbes Tech News	2
Cod Satrusayang	2
BSides Asheville	2
Lesley Carhart	2
Yori - Now 50% Off	2
SophosLabs	2
Hillary Clinton	2
BBC Radio 2	2
tcmbc	2
devsecops	2
Sarah Edwards	2
Ross Tapsell	2
KristoferA	2
Dawn Smeaton	2
Rehabbed One	2
B Miller	2
Sebastien Tricaud	2
MACH37	2
OpenSecurityTraining	2
Tal Klein	2
Sky News Newsdesk	2
Dino A. Dai Zovi	2
Aaron Connelly	2
Ristian Atriandi	2
Justin Lundy	2
Chris Sacca	2
Nick Bisley	2
Felicity Norman	2
Waqar Ahmed	2
GlobesEnglish	2
Eric Mill	2
18F	2
Salon.com	2
Texiwill	2
BT	2
Matthew Aid	2
alan rusbridger	2
Capstone Engine	2
AmnestyInternational	2
thomas lim	2
Insider Threats	2
Thierry Zoller	2
George V. Hulme	2
Michael Vatikiotis	2
Onalytica	2
NIST	2
Kelley Sayler	2
Anonymous Bar	2
Intel Security	2
ncoc	2
L Sutton	2
p0s1xplus0	2
Sonatype	2
sw17ch	2
Bill Dean	2
Edward Tufte	2
FedScoop	2
HPStorageGuy	2
APWG.eu	2
APWG	2
#UNITEDsummit	2
Channel NewsAsia	2
Robert D. Kaplan	2
Jon Oberheide	2
Damien Miller	2
peter hessler	2
lcamtuf	2
Branndon Pike	2
donnabias	2
Hugh Thompson	2
ErichKron	2
cutaway	2
Bsides Orlando	2
Paul Ducklin	2
John Wilander	2
Christine Fair	2
atlas 0f d00m	2
CNA Corporation	2
PhilHagen	2
Jeremiah O'Connor	2
Jayson E. Street	2
Robert Stroud CRISC	2
ISACA International	2
Frank Breedijk RCX	2
Ziya Tong	2
CBS Sunday Morning	2
Juan Carlos Vázquez	2
NSK STATE	2
ben grosser	2
Sven Steinland	2
Jason Lang	2
Elly PriZeMaN	2
adrian cockcroft	2
swardley	2
Alberto Nardelli	2
ChrisJohnRiley ✪	2
Jon Larimer	2
Space Rogue	2
Darren Pauli	2
TheStreet	2
Metasploit Project	2
CrySyS Lab	2
Chris Brummitt	2
Francesco F. Milan	2
Michael Kaiser	2
SANS Institute	2
Joseph Savirimuthu	2
Stephen Sims	2
U.S Military Academy	2
Billy Rios	2
Petko D. Petkov	2
Veracode	2
Black Hat 	2
Dylan Wykes	2
Sara Sorcher	2
Fernando Cabada	2
Shalane Flanagan	2
TIME.com	2
Alex Kaasjager RCX	2
Jian Zhen	2
Lanni marchant	2
Dathan Ritzenhein	2
Sage Canaday	2
sir jester	2
HostUnknownTV	2
Venafi	2
Yolanda Redrup	2
Proofpoint, Inc.	2
Jaded InfoSec Pro	2
des_linden	2
Bit9 + Carbon Black	2
meb keflezighi	2
LexisNexis	2
Robert Schifreen	2
Gizmodo	2
CA Technologies	2
Maddie Stone	2
Evan Pérez	2
Sharon M	2
Paul Asadoorian	2
Threatbutt	2
Claus Cramon Houmann	2
Amit Chatterjee	2
Airton Ramos Queiroz	2
Dominic Vogel	2
The Northern Light	2
James Arlen	2
alberto pasotti	2
marci maddox	2
MichaelSantarcangelo	2
CharitySecurityForum	2
Patrick McCanna	2
Unisys Corporation	2
Don A. Bailey	2
Cy-Fi	2
Trusted Computing	2
Alex Stamos	2
RSA Parties	2
Pete Cheslock	2
Ben Nagy	2
Steve Manzuik	2
Sargon of Akkad	2
allison burtch	2
FICO (Fair Isaac)	2
Salesforce	2
NT OBJECTives	2
2600 Magazine	2
Nettitude Group	2
John Shade	2
dan.g	2
jason	2
Stacey Banks	2
haligonia: breaking	2
US-CERT	2
Tom Hessman	2
IBM	2
Bloomberg Business	2
Ann Barron-DiCamillo	2
Techopedia	2
Visa	2
Federal Politics	2
Rob Fuller	2
Dell 	2
Milo Yiannopoulos	2
Thomas Bertling	2
Anup Ghosh	2
Jamie McKelvie	2
Fran Berkman	2
 Adrian Crenshaw	2
Level2	2
Charlie Osborne	2
ZDNet	2
infosec_dominatrix	2
Matt Cavanaugh	2
Gunstick	2
BBC World Book Club	2
MISTrainingInstitute	2
Kieron Gillen	2
AsiaSocietyAus	2
Mesosphere	2
Norse	2
Chris Eng	2
gauntlt	2
ShadowDXS	2
Ａｎｔ　’ｎ　Ｂｅｅ/アントンビー	2
j.curiel	2
Alida Antonia	2
Simon Bennetts	2
サンクトガーレン	2
U.S. Army Pacific	1
2 Brothers Brewery	1
Gavin Martinsson	1
SC Magazine UK	1
Senator Ben Sasse	1
VMRay GmbH	1
Mark Nunnikhoven	1
Phil Walter	1
Mike Masnick	1
Eventbrite	1
Sched.org	1
CNAS	1
Glyn Moody	1
CEOP	1
Moscone Center	1
Verizon	1
Koen Van Impe	1
caseyjohnellis	1
prpl foundation	1
Cesare Garlati	1
Amit Yoran	1
Tokio Marine Kiln	1
Jeff Murri	1
Zee	1
Dr Sherri Tenpenny	1
Jeremy King	1
Phineas Fisher	1
Tom Stamulis	1
DataStax	1
Sheryl Sandberg	1
Gavin Struthers	1
Fernando Quintero	1
aim4r	1
Eva	1
Daytona  ҉	1
Hywel Mallett	1
OMG ΉΆXOR	1
Dune Lawrence	1
Tim Daniels	1
Nick DePetrillo	1
Druva Inc	1
cyber duckö	1
SCA Medieval Society	1
Fahmida Y. Rashid	1
Perth USAsia Centre	1
AWS Partner Network	1
HealthcareInfoSec	1
Cloned Milkmen	1
FTC	1
Bleacher Report	1
Shawn Harris	1
Werner Vogels	1
Brendan Bertko	1
Disqus	1
Stefano Zanero	1
Skully	1
Shane Harris	1
sno0ose	1
Cloud Tech. Partners	1
Mila Kunis	1
Cisco	1
Steve Herman	1
Twitter	1
ITKnowledgeExchange	1
Kuskos	1
Stephen Tobolowsky	1
Ryan Linn	1
Lior Zoref	1
Equinix, Inc.	1
Nikita	1
PayPal	1
leonida reitano	1
William Dobbie	1
Philz Coffee	1
Costin Raiu	1
Ross Anderson	1
JustGiving	1
Nat Autistic Society	1
Anti Feminist Comics	1
FireF0X	1
Martijn Grooten	1
Board of Supervisors	1
Brookings Metro	1
SANS CyberDefense	1
Fenrir	1
Slate	1
Katherine	1
Enno Rey	1
Carsten Eiram	1
EC3 	1
Julie Bishop	1
Greg Sandoval	1
Zscaler	1
Michael McCarthy	1
New America Cyber	1
Steve Ranger	1
Khaosod English	1
UsVsTh3m	1
Martin Belam	1
Jonas Bonér	1
Brendan McAdams	1
Patrik Nordwall	1
Viktor Klang	1
bsidesnash	1
MuckRock	1
paco nathan	1
Dragos Manolescu	1
Under SecArmy PAO	1
Robin	1
Axelle Ap.	1
Dean Wampler	1
Roland Kuhn	1
World News Report	1
Dr Lucy Rogers	1
Rosa Giuffré	1
Dan Philpott	1
Marcus J. Carey	1
Deviant Ollam ツ	1
Helena Horton	1
The Melissa Virus	1
SearchAWS	1
Ismael Valenzuela	1
EM Simpson	1
ABC News Adelaide	1
Oscar di Montigny	1
Justin Arbuckle	1
Derek E. Weeks	1
jkouns	1
Foursys	1
Liam Ó Móráin	1
Geraldine Lavin	1
Brian J Lariche	1
Mitchell Porter	1
Akamai UK 	1
FounderFox	1
vsattui1885	1
Charles Richards	1
Amar Singh	1
John Shier	1
Give01Day	1
@eqe (Andy Isaacson)	1
Grogs Axle	1
Riana	1
Rob Lemos	1
SFGate	1
HSBC UK	1
RoyalBankofScotland	1
Lloyds Bank	1
Santander UK	1
Lisa Lorenzin	1
James Governor	1
Barclays UK	1
Ron Coleman	1
Reform	1
48 Hills 	1
Ken Mingis	1
Microsoft	1
Helen Beal	1
NuHarbor Security	1
Lacoon Mobile Sec	1
Laura Takenaka	1
Steve Gell 	1
Somchai the Dog	1
NinkasiGerland	1
AIN	1
Matt Thurber	1
Sophie Van Der Zee	1
Guidance Software	1
John E. Vincent	1
Ciaran Johnson	1
Richard Chirgwin	1
halvarflake	1
Carlos A Ayala Rocha	1
davi (德海)	1
LastPass	1
timmedin	1
Reuben Paul	1
Mano 'dash4rk' Paul	1
Michael Andreano	1
Jaime Cochran	1
Heather DeweyHagborg	1
Rafał Łoś	1
Joy @ InfoSecurity	1
iQuest	1
Beau Woods	1
NorthSec	1
Ryan Barnett	1
Brian McHenry	1
Ed Bott	1
